{
    "train_loss": [
        0.2529569613846107,
        0.191745917470474,
        0.17427753224868,
        0.16400348536384293,
        0.1561334902004383,
        0.1478047795072366,
        0.1432531199020672,
        0.13872242639047297,
        0.1355743764081873,
        0.13284727080008246,
        0.12981451560089335,
        0.12764287872017102,
        0.12494725771836987,
        0.12409893429205326,
        0.12145190166296863,
        0.12159832117923496,
        0.1186973376212217,
        0.11823468200408309,
        0.11659995810408355
    ],
    "val_loss": [
        0.14809544082428958,
        0.09836686812005602,
        0.09248853213078267,
        0.08820748496968467,
        0.08909499940571484,
        0.07780205689974733,
        0.07413638708693487,
        0.09918388596794626,
        0.05820622259901988,
        0.08319969203423809,
        0.08944827113468368,
        0.07148159453058028,
        0.07824626434090975,
        0.0764335624470904,
        0.07046817639121064,
        0.07893295841174083,
        0.08438561816473265,
        0.08459846594849148,
        0.06154669918589764
    ],
    "lr": [
        0.001,
        0.001,
        0.001,
        0.001,
        0.001,
        0.001,
        0.001,
        0.001,
        0.001,
        0.001,
        0.001,
        0.001,
        0.001,
        0.001,
        0.001,
        0.001,
        0.001,
        0.001,
        0.001
    ]
}