{
    "train_loss": [
        0.24898366815080492,
        0.1958011726998045,
        0.18212641316463932,
        0.17491914368072697,
        0.17000181180830734,
        0.16545456348504223,
        0.16244591791056617,
        0.16155598652349368,
        0.15847925044613015,
        0.15713003080161647,
        0.15615175585378105,
        0.15439358144224902,
        0.15326635059364493,
        0.15257489760290688,
        0.1510479922908827,
        0.14978890016708632,
        0.14843942586576428,
        0.14267640771937154,
        0.14163332722627014,
        0.14147874041887223,
        0.13996181166972588,
        0.13956645914851679,
        0.13987233223179124,
        0.13918497773312016,
        0.13831306925846545,
        0.13468472242489896,
        0.13386403596865404,
        0.13392467230861127,
        0.13334953387185897
    ],
    "val_loss": [
        0.128869783838053,
        0.11724929498122619,
        0.14862248616981077,
        0.11252106229464214,
        0.13527835657199225,
        0.08986390704238736,
        0.12557318471036516,
        0.10970423524981146,
        0.07825091377169162,
        0.08168517761268057,
        0.10794710716954223,
        0.1012245690500414,
        0.11619307000089336,
        0.10174511185100486,
        0.0938403277515291,
        0.10507694584829314,
        0.0947962736224269,
        0.08866864630767891,
        0.08177129165814803,
        0.09125722810491785,
        0.08980202795685949,
        0.10359912298552625,
        0.11734137086717931,
        0.09909754038394035,
        0.09964126147128441,
        0.09162005527062458,
        0.09187492392621599,
        0.09360090602894088,
        0.09463786172705728
    ],
    "lr": [
        0.001,
        0.001,
        0.001,
        0.001,
        0.001,
        0.001,
        0.001,
        0.001,
        0.001,
        0.001,
        0.001,
        0.001,
        0.001,
        0.001,
        0.001,
        0.001,
        0.001,
        0.0005,
        0.0005,
        0.0005,
        0.0005,
        0.0005,
        0.0005,
        0.0005,
        0.0005,
        0.00025,
        0.00025,
        0.00025,
        0.00025
    ]
}