{
    "train_loss": [
        0.2805617305010759,
        0.2080630042987537,
        0.1910757832145045,
        0.18049756076783952,
        0.17339667962952338,
        0.16776927345291487,
        0.16334541831543967,
        0.16068056508326908,
        0.1576466803306516,
        0.15555846311875177,
        0.15387939933359487,
        0.15208677077165575,
        0.14888247528006207,
        0.1481669292223911,
        0.1464544016001725,
        0.1463159479739031,
        0.14523171498934248
    ],
    "val_loss": [
        0.15100843747993847,
        0.14513433785051913,
        0.14140078015961088,
        0.12061759037477476,
        0.1155490912161432,
        0.13158220160114872,
        0.06976565319272848,
        0.17530054229873795,
        0.08240874202267544,
        0.08615498264899125,
        0.153964987142129,
        0.11363921086261938,
        0.11295547296066542,
        0.15205496905354765,
        0.10505270165903074,
        0.0748586709703411,
        0.11274658311326224
    ],
    "lr": [
        0.001,
        0.001,
        0.001,
        0.001,
        0.001,
        0.001,
        0.001,
        0.001,
        0.001,
        0.001,
        0.001,
        0.001,
        0.001,
        0.001,
        0.001,
        0.001,
        0.001
    ]
}