{
    "train_loss": [
        1.250235075337085,
        1.0710635898344674,
        1.035884512466448,
        1.0322443926307472,
        1.0113612568136263,
        1.0050597449188576,
        1.0103311865647275,
        0.9926600110450124,
        1.007518082924406,
        0.985069914676804,
        0.9890139906185744,
        0.9790323153306345,
        0.9770106998846171,
        0.9902067344560042,
        0.9751202791054685,
        0.9662338952716801,
        0.9467433665460712,
        0.9431244063592656,
        0.9239520278525944,
        0.9189674778931836,
        0.9152811527521293,
        0.9197254799827765,
        0.917023851424792,
        0.91917639284586,
        0.8924885981508087,
        0.8916786730154912,
        0.8794790510399347,
        0.882918173922373,
        0.8671921338238512,
        0.8582228841953837,
        0.8711167473018034,
        0.8601386801383835,
        0.8455345373659586,
        0.8424842478728456,
        0.8684407574866749,
        0.8325956113989681,
        0.822650319028385,
        0.8228727580462298,
        0.8356550384321277,
        0.8173429714368644,
        0.8141192905520747,
        0.8410384352266385,
        0.8212767251458178,
        0.8167765884582399,
        0.8042906084125252,
        0.8019959696528605,
        0.7988117407191688,
        0.7982277734285015,
        0.8046051904256403,
        0.7928908039431002
    ],
    "val_loss": [
        1.23044867236335,
        1.169349909365714,
        1.1370081353831936,
        1.1346542937261563,
        1.117513050904145,
        1.1890097609511368,
        1.1021748673808467,
        1.1009334438555949,
        1.092986457519703,
        1.0889459225508544,
        1.0869179631138708,
        1.0822652551504943,
        1.0796503714613013,
        1.0839124423963529,
        1.0664306637403127,
        1.0798419450854395,
        1.060603058015978,
        1.0245849769394677,
        1.0186068340464756,
        1.0137673041842006,
        1.0099299920571816,
        1.0182200138633315,
        0.9991848968170784,
        0.9987790353663333,
        0.9744879377854837,
        0.9753115493972022,
        0.9642124165285815,
        0.9637593900835192,
        0.9474399181099625,
        0.9406852620142,
        0.940871233875687,
        0.9356133094779006,
        0.9319446720518507,
        0.9232383295222446,
        0.9192338005916493,
        0.9100224832156757,
        0.9050971661602054,
        0.9101953995120418,
        0.8989719506856557,
        0.8953912864934217,
        0.8949989397246558,
        0.9523550868034363,
        0.8905198020978017,
        0.8898325422862629,
        0.88202358742018,
        0.8825781544049581,
        0.8784677955481384,
        0.8745590400051426,
        0.8718368760100356,
        0.8709473121273625
    ],
    "val_f1": [
        0.0,
        0.0,
        0.0,
        0.0,
        0.0,
        0.0,
        0.0,
        0.0,
        0.0,
        0.0,
        0.0,
        0.0,
        0.0,
        0.0,
        0.0,
        0.0,
        0.0,
        0.0,
        0.0,
        0.0,
        0.0,
        0.0,
        0.0,
        0.0,
        0.0,
        0.0,
        0.0,
        0.0,
        0.0,
        0.0,
        0.0,
        0.0,
        0.0,
        0.0,
        0.0,
        0.0,
        0.0,
        0.0,
        0.0,
        0.0,
        0.0,
        0.0,
        0.0,
        0.0,
        0.0,
        0.0,
        0.0,
        0.0,
        0.0,
        0.0
    ],
    "lr": [
        0.001,
        0.001,
        0.001,
        0.001,
        0.001,
        0.001,
        0.001,
        0.001,
        0.001,
        0.001,
        0.001,
        0.001,
        0.001,
        0.001,
        0.001,
        0.001,
        0.001,
        0.001,
        0.001,
        0.001,
        0.001,
        0.001,
        0.001,
        0.001,
        0.001,
        0.001,
        0.001,
        0.001,
        0.001,
        0.001,
        0.001,
        0.001,
        0.001,
        0.001,
        0.001,
        0.001,
        0.001,
        0.001,
        0.001,
        0.001,
        0.001,
        0.001,
        0.001,
        0.001,
        0.001,
        0.001,
        0.001,
        0.001,
        0.001,
        0.001
    ]
}