{
    "train_loss": [
        0.24950463732021935,
        0.19535163429869157,
        0.18329116821979008,
        0.17666156233652777,
        0.1724902854118557,
        0.16918683108015964,
        0.1672929399228749,
        0.16559250403315517,
        0.16418888453101788,
        0.16252844278789522,
        0.1606434693760888,
        0.1593535940006653,
        0.15799137916708317,
        0.15568274637355028,
        0.15533074532135405,
        0.15360008496086452
    ],
    "val_loss": [
        0.1752089993642257,
        0.14603573661129754,
        0.08689606980093427,
        0.12337560008640762,
        0.09706229105726019,
        0.0745656704446217,
        0.11604349771598438,
        0.09021186922584568,
        0.10140602790691831,
        0.0975581845520316,
        0.10551092646143458,
        0.09257452866179985,
        0.10782649119695027,
        0.08926216762949217,
        0.08077710252758619,
        0.0867429789793384
    ],
    "lr": [
        0.001,
        0.001,
        0.001,
        0.001,
        0.001,
        0.001,
        0.001,
        0.001,
        0.001,
        0.001,
        0.001,
        0.001,
        0.001,
        0.001,
        0.001,
        0.001
    ]
}