{
    "train_loss": [
        1.027543536254338,
        0.6784885913133621,
        0.5954386162757873,
        0.5552273640462331,
        0.5335530809845244,
        0.5099451036112649,
        0.493106102006776,
        0.4797306328160422,
        0.4691760847398213,
        0.47854331093175073,
        0.4545256988491331,
        0.4442160611493247,
        0.4408788340432303,
        0.43024512222835,
        0.42472156150000434,
        0.4173439048869269,
        0.41350052058696746,
        0.41708863173212324,
        0.4078067655222756,
        0.4071765708071845,
        0.41624299568789347,
        0.4085044174534934,
        0.3939107556002481,
        0.3910419212920325,
        0.38580553472042084,
        0.38184105489935194,
        0.38026415620531356,
        0.3835615813732147,
        0.37898201635905676,
        0.4029190826416016,
        0.38156082817486353,
        0.3814748557976314,
        0.3710804961408888,
        0.3659809363739831,
        0.3638959458044597,
        0.3619940672601972,
        0.36036113151482174,
        0.3617570092848369,
        0.36774911565440044,
        0.36778162539005277,
        0.35604373753070834,
        0.35227818599769045,
        0.34915503978729245,
        0.34823769611971717,
        0.35046927426542557,
        0.3572830195937838
    ],
    "val_loss": [
        0.7593133272948088,
        0.6280517162364206,
        0.5729604775522962,
        0.5440575329609859,
        0.5231721357063011,
        0.504507264605275,
        0.48875186803900167,
        0.47776453767293764,
        0.47830815153357426,
        0.46281688301651563,
        0.45369649301340553,
        0.4483177054811407,
        0.44229123143502225,
        0.4393792343728336,
        0.42892353696587643,
        0.42782777179906395,
        0.42094815954749965,
        0.4190187097331624,
        0.4157017241289586,
        0.42500054541929266,
        0.44465786108264216,
        0.4106658336556988,
        0.407059297149564,
        0.4010669202716262,
        0.39602436474811886,
        0.3926538652108039,
        0.39645984474523566,
        0.3917745189902223,
        0.39915963418689776,
        0.3944984350675418,
        0.39113438423768976,
        0.3861077501450056,
        0.38146667016877067,
        0.37844330734676784,
        0.3817097739672955,
        0.3725934157400955,
        0.37079643835256126,
        0.3883248942869681,
        0.3755314063142847,
        0.3696738580862681,
        0.3631213896068526,
        0.362063941028383,
        0.36379218138294456,
        0.3580734273533762,
        0.3589942344912776,
        0.3636174080548463
    ],
    "val_f1": [
        0.0,
        0.0,
        0.0,
        0.0,
        0.0,
        0.0,
        0.0,
        0.0,
        0.0,
        0.0,
        0.0,
        0.0,
        0.0,
        0.0,
        0.0,
        0.0,
        0.0,
        0.0,
        0.0,
        0.0,
        0.0,
        0.0,
        0.0,
        0.0,
        0.0,
        0.0,
        0.0,
        0.0,
        0.0,
        0.0,
        0.0,
        0.0,
        0.0,
        0.0,
        0.0,
        0.0,
        0.0,
        0.0,
        0.0,
        0.0,
        0.0,
        0.0,
        0.0,
        0.0,
        0.0,
        0.0
    ],
    "val_auprc": [
        0.7292054917461572,
        0.41965037886844236,
        0.40496339536363657,
        0.3540041515764166,
        0.4109296993718321,
        0.40395003003978425,
        0.5826117363326232,
        0.3786124287564843,
        0.39855018564575706,
        0.40632989646026507,
        0.6064346119729273,
        0.39205409397027646,
        0.4007812495979938,
        0.39959196668596975,
        0.33329174854156407,
        0.7943667234004139,
        0.404086828899293,
        0.40456478122347883,
        0.5996267017378656,
        0.5182576623079922,
        0.4006058876963334,
        0.4079967982956031,
        0.409174675171483,
        0.4075654290493034,
        0.5365067155860134,
        0.4074554733402215,
        0.6276181079671435,
        0.41296053284280754,
        0.6389041568701805,
        0.49993726938131,
        0.7981265969806799,
        0.42230577036154227,
        0.4067773495589909,
        0.5689305368883115,
        0.40700747743487087,
        0.630374405962498,
        0.4252903030986088,
        0.41347157410787777,
        0.5651984286762453,
        0.634755475955864,
        0.5508457394841717,
        0.4258516135467719,
        0.510304081975822,
        0.4190082171464772,
        0.365781018074675,
        0.37151694162134913
    ],
    "lr": [
        0.0015352263184455369,
        0.0015352263184455369,
        0.0015352263184455369,
        0.0015352263184455369,
        0.0015352263184455369,
        0.0015352263184455369,
        0.0015352263184455369,
        0.0015352263184455369,
        0.0015352263184455369,
        0.0015352263184455369,
        0.0015352263184455369,
        0.0015352263184455369,
        0.0015352263184455369,
        0.0015352263184455369,
        0.0015352263184455369,
        0.0015352263184455369,
        0.0015352263184455369,
        0.0015352263184455369,
        0.0015352263184455369,
        0.0015352263184455369,
        0.0015352263184455369,
        0.0015352263184455369,
        0.0015352263184455369,
        0.0015352263184455369,
        0.0015352263184455369,
        0.0015352263184455369,
        0.0015352263184455369,
        0.0015352263184455369,
        0.0015352263184455369,
        0.0015352263184455369,
        0.0015352263184455369,
        0.0015352263184455369,
        0.0015352263184455369,
        0.0015352263184455369,
        0.0015352263184455369,
        0.0015352263184455369,
        0.0015352263184455369,
        0.0015352263184455369,
        0.0015352263184455369,
        0.0015352263184455369,
        0.0015352263184455369,
        0.0015352263184455369,
        0.0015352263184455369,
        0.0015352263184455369,
        0.0015352263184455369,
        0.0015352263184455369
    ]
}