{
    "train_loss": [
        0.31960368129508365,
        0.2435406332952299,
        0.23266078435402007,
        0.22555331926201777,
        0.22223059105240375,
        0.21961686338225977,
        0.2162717040701817,
        0.21585084869405902,
        0.21454942898266333,
        0.21355680240405475,
        0.2134419143881453,
        0.21311378192928537,
        0.21198297531371868,
        0.21155588461358557,
        0.21227048588616912,
        0.2104276063026916,
        0.21061490677646297,
        0.2096984409035632,
        0.2093679436615535,
        0.20891429021121552,
        0.20780825626708774,
        0.20777109567810087,
        0.2069862389938095,
        0.20645934561260132,
        0.20601619668157675,
        0.20545924210501282,
        0.20458130060970145,
        0.2036420019045851,
        0.20370893914490215,
        0.2029353263459254,
        0.20214891779951158,
        0.2025302430706331,
        0.20069400996878484,
        0.20031141041278974
    ],
    "val_loss": [
        0.145028776883542,
        0.15096414898027172,
        0.1370393983214288,
        0.12040713754994375,
        0.1330458134882622,
        0.12707733423323245,
        0.1208979535411607,
        0.11185902558468483,
        0.15664272527168463,
        0.13958221365202655,
        0.14767018611635174,
        0.12597265034108548,
        0.11561056394297797,
        0.11470993893506291,
        0.10881520780894133,
        0.12284122440997544,
        0.1103016482414426,
        0.13516544231826122,
        0.10318185882391157,
        0.12883042591112154,
        0.11449851857515068,
        0.1066742781717498,
        0.1268498180014593,
        0.09421522230715365,
        0.09972175432218087,
        0.11158884219355411,
        0.11731390037515142,
        0.0964166181715759,
        0.10646438048229562,
        0.10990631137345289,
        0.10544841652652165,
        0.11810336131099108,
        0.11411578235057024,
        0.0999112977637901
    ],
    "lr": [
        0.001,
        0.001,
        0.001,
        0.001,
        0.001,
        0.001,
        0.001,
        0.001,
        0.001,
        0.001,
        0.001,
        0.001,
        0.001,
        0.001,
        0.001,
        0.001,
        0.001,
        0.001,
        0.001,
        0.001,
        0.001,
        0.001,
        0.001,
        0.001,
        0.001,
        0.001,
        0.001,
        0.001,
        0.001,
        0.001,
        0.001,
        0.001,
        0.001,
        0.001
    ]
}