{
    "train_loss": [
        0.22688959207612827,
        0.17045757861526234,
        0.15183856492992448,
        0.1409133232574969,
        0.13122080922395865,
        0.12258550193387821,
        0.11854791627780578,
        0.11188618652943026,
        0.10672794153775103,
        0.1019214430979493,
        0.09859270102535764,
        0.09437499444250598,
        0.09357038713386177,
        0.09115558479225125,
        0.08819204882947775,
        0.08574251727144282,
        0.08501056188183498,
        0.08334467173648608,
        0.08126205646140715,
        0.07131744060942874,
        0.06859825304278401,
        0.06837045080522516,
        0.06732149404509342,
        0.066557112168815,
        0.06560429115201563,
        0.06437447308047631,
        0.06441499980725768,
        0.06356210158359991,
        0.06297112963715269,
        0.06167963344149678,
        0.06146627045226016,
        0.06034658787641716,
        0.060206577076700685,
        0.06036023529872937,
        0.05874803440927046,
        0.05890034117082105,
        0.058167166953263114,
        0.05830747539989028,
        0.0577321446271567,
        0.05777176826746617,
        0.05685114581978819,
        0.05621621923828098,
        0.05562790081064736,
        0.05594130301465434,
        0.05496008618699038,
        0.053922966372801945,
        0.0489270123327256,
        0.04775170765976941,
        0.047579508312635174,
        0.04682315984513804,
        0.046493366258702415,
        0.04731366223430694,
        0.04646266505971517,
        0.046463027445107496,
        0.046010202845941144,
        0.04546904544562572,
        0.04571420508678624,
        0.04241320080466518,
        0.04208156987225834,
        0.04179252167684331,
        0.04169092612324228,
        0.04154922459253507,
        0.04079227986205243,
        0.040807671098639815,
        0.041241214037757226,
        0.04083120917195021,
        0.040378015650263895,
        0.040160843047143104,
        0.04000496250655056,
        0.04029013301744115,
        0.04028749383321667,
        0.04000511358683386,
        0.03928762328396835,
        0.03954399227948847,
        0.03876116226214924,
        0.04000279523062249,
        0.03989067834930213,
        0.03934149509169683,
        0.039054052641459704
    ],
    "val_loss": [
        0.12226875092800674,
        0.08700940284777332,
        0.0869134987394015,
        0.06717239763285662,
        0.07382945135772766,
        0.06431422781971124,
        0.07224299963395875,
        0.07704703637340048,
        0.08495244414017007,
        0.06006531803323342,
        0.05852464549579062,
        0.061549537353687456,
        0.08184468823376002,
        0.07531682992572183,
        0.06778585635595494,
        0.06625619356159691,
        0.07573783236580926,
        0.061641727347631715,
        0.06785173536286698,
        0.05355821038084524,
        0.05263095429620227,
        0.04741368884103255,
        0.04919321648776531,
        0.04879004964688877,
        0.043891682834909844,
        0.054492554853896834,
        0.05285301789440013,
        0.04899042606488004,
        0.04460649061444644,
        0.05186260488253456,
        0.05094927700387465,
        0.04770613134511419,
        0.04236639262521052,
        0.05061396286898368,
        0.049626971267767855,
        0.042020501870964025,
        0.05898457589383061,
        0.03852926392678742,
        0.044745387089950545,
        0.04082829631059556,
        0.05432761223936403,
        0.04506123134748893,
        0.04124634167565419,
        0.042881250700300876,
        0.04114486151249022,
        0.04417227908364824,
        0.04113440077986803,
        0.040996746034235566,
        0.03523634916154651,
        0.03937912051070918,
        0.038235213137693236,
        0.04110657863386043,
        0.03916504906977082,
        0.03681103668704226,
        0.035802674404269944,
        0.03919458395155432,
        0.03832320801846616,
        0.03809143551667263,
        0.03314222103437862,
        0.033893524761404004,
        0.03279653435724007,
        0.034932962912428485,
        0.03312016706410292,
        0.03438872358182798,
        0.03352723943556214,
        0.03527192270534264,
        0.032384963336962835,
        0.035998577965205315,
        0.03669920003226212,
        0.036067716668250864,
        0.03220159729925899,
        0.03409884185404391,
        0.03486685832408634,
        0.03023328412290629,
        0.03589257806002557,
        0.028943353592678234,
        0.03220890738439184,
        0.031054809794400458,
        0.03537171674674159
    ],
    "val_f1": [
        0.6739130434782609,
        0.6477272727272727,
        0.6918238993710691,
        0.6666666666666666,
        0.7150837988826816,
        0.7100591715976331,
        0.7045454545454546,
        0.7108433734939759,
        0.7126436781609196,
        0.7165775401069518,
        0.6881720430107527,
        0.7228915662650602,
        0.7103825136612022,
        0.7103825136612022,
        0.7096774193548387,
        0.7317073170731707,
        0.7058823529411765,
        0.7165775401069518,
        0.7058823529411765,
        0.7169811320754716,
        0.7169811320754716,
        0.703030303030303,
        0.7096774193548387,
        0.7294117647058823,
        0.7294117647058823,
        0.7204968944099379,
        0.7160493827160493,
        0.7261904761904762,
        0.7294117647058823,
        0.7333333333333333,
        0.7151515151515152,
        0.6867469879518072,
        0.725,
        0.7329192546583851,
        0.7228915662650602,
        0.7088607594936709,
        0.7125,
        0.7204968944099379,
        0.7362637362637363,
        0.7213114754098361,
        0.7228915662650602,
        0.7125,
        0.7261146496815286,
        0.7261904761904762,
        0.7282608695652174,
        0.7142857142857143,
        0.7311827956989247,
        0.7374301675977654,
        0.7261904761904762,
        0.7108433734939759,
        0.7314285714285714,
        0.7239263803680982,
        0.735632183908046,
        0.7218934911242604,
        0.7228915662650602,
        0.7215189873417721,
        0.7195121951219512,
        0.718562874251497,
        0.7411764705882353,
        0.7142857142857143,
        0.7052023121387283,
        0.718562874251497,
        0.7133757961783439,
        0.7160493827160493,
        0.72,
        0.7368421052631579,
        0.7218934911242604,
        0.7407407407407407,
        0.7088607594936709,
        0.7294117647058823,
        0.7261904761904762,
        0.7380952380952381,
        0.718562874251497,
        0.7294117647058823,
        0.7151515151515152,
        0.7337278106508875,
        0.7272727272727273,
        0.7294117647058823,
        0.7204968944099379
    ],