{
    "train_loss": [
        0.2463001393235833,
        0.197860657025137,
        0.18509539558171687,
        0.17668017033596878,
        0.1728949117522611,
        0.1696286728483694,
        0.16665099008727827,
        0.16397634588400611,
        0.16256870935685747,
        0.16135215628093305,
        0.15916136426022845,
        0.1578225298925528,
        0.1572107375593137,
        0.15559859593182332,
        0.154730836598047,
        0.15341189629808236,
        0.15260007850506235,
        0.15203620601050202,
        0.1510863955349201,
        0.15134334448161565,
        0.14923759055393274,
        0.14893169939080694,
        0.14766292946736914,
        0.148455586175079,
        0.14716830197091027,
        0.1468675755485724,
        0.1457016371510099,
        0.1447852290325859,
        0.1454189861062956,
        0.14332809479188166,
        0.1426649254917022,
        0.14254305459575783,
        0.1419250856050654,
        0.14219930135638664,
        0.14151135634454326,
        0.14128481332658377,
        0.14103003061517366,
        0.1405644700957071,
        0.14013959788643748,
        0.13951692623391107,
        0.1394783333868932,
        0.13862512348972378,
        0.1382130288327655,
        0.13862964316664378,
        0.13809234866742087,
        0.1380464773684,
        0.1377640284900606,
        0.13698457376547915,
        0.1372596370665941,
        0.13688023979554864,
        0.13785575326893723,
        0.13711954669240636,
        0.13651084990722062,
        0.13677053928005237,
        0.1367293131657567,
        0.1352077703965033,
        0.13583654781664736
    ],
    "val_loss": [
        0.129438285086606,
        0.1255222360964294,
        0.11608489998826035,
        0.10189495155134716,
        0.10602658570886732,
        0.12363023102820457,
        0.09892049646592355,
        0.11566546002218316,
        0.1146191234389941,
        0.10722073134001311,
        0.11111500818987151,
        0.08172213088150497,
        0.07781911587661451,
        0.0938705142151128,
        0.09491625408063063,
        0.11489436399560791,
        0.08275388355727668,
        0.09784344785116814,
        0.07871415103609497,
        0.09803554570084219,
        0.0994781341638651,
        0.10646454593888274,
        0.07753104058740375,
        0.07997305640900457,
        0.09693481712727933,
        0.08928630910478197,
        0.09686243628059421,
        0.0775872624672211,
        0.08732942773683651,
        0.071657752400046,
        0.08602587952538654,
        0.09738218596389701,
        0.09968751387016193,
        0.09088497756569235,
        0.08104976712986156,
        0.10391990075240264,
        0.07693054171295853,
        0.07825023211068935,
        0.070212144840945,
        0.10075303576551042,
        0.08691990680925481,
        0.0761157600125214,
        0.08324112682729154,
        0.09206257116150211,
        0.08253012708312757,
        0.09913958830607904,
        0.06914549663260176,
        0.07664941932569753,
        0.0775110567206735,
        0.08687855128769402,
        0.0852128530407811,
        0.08783787757426768,
        0.08389698539499764,
        0.08028356814840892,
        0.07850546520706769,
        0.07553156723713016,
        0.08646903529360488
    ],
    "lr": [
        0.001,
        0.001,
        0.001,
        0.001,
        0.001,
        0.001,
        0.001,
        0.001,
        0.001,
        0.001,
        0.001,
        0.001,
        0.001,
        0.001,
        0.001,
        0.001,
        0.001,
        0.001,
        0.001,
        0.001,
        0.001,
        0.001,
        0.001,
        0.001,
        0.001,
        0.001,
        0.001,
        0.001,
        0.001,
        0.001,
        0.001,
        0.001,
        0.001,
        0.001,
        0.001,
        0.001,
        0.001,
        0.001,
        0.001,
        0.001,
        0.001,
        0.001,
        0.001,
        0.001,
        0.001,
        0.001,
        0.001,
        0.001,
        0.001,
        0.001,
        0.001,
        0.001,
        0.001,
        0.001,
        0.001,
        0.001,
        0.001
    ]
}