{
    "train_loss": [
        1.0995814839909284,
        0.975708553998016,
        0.9571337958602518,
        0.9446420988074284,
        0.9464122571697902,
        0.930971276397232,
        0.9245457739276305,
        0.9281457450908631,
        0.9205213974669928,
        0.9099042180425823,
        0.9156126045992571,
        0.909530384094363,
        0.909376742269974,
        0.9083232677372628,
        0.9044820294036134,
        0.9123496344016934,
        0.9018007399936405,
        0.9014271626074661,
        0.8994757145340844,
        0.8935792582548457,
        0.910261152158864,
        0.8933282745193601,
        0.8876460345111274,
        0.8876687672656983,
        0.8852444250795994,
        0.8890451446192374,
        0.8907958156226587,
        0.8820024205974419,
        0.8877729487257853
    ],
    "val_loss": [
        0.9530981067601625,
        0.9769032320997737,
        0.9318351399254154,
        1.138865094195615,
        0.9479298376822257,
        0.9502908270638268,
        2.168406878505741,
        0.9553544126652382,
        0.9155037427270735,
        0.9128448555061409,
        0.9685660267735386,
        0.9827928245067596,
        0.9283629352445001,
        0.973279749219482,
        0.9284646148617203,
        2.115490257203042,
        0.9330854053432877,
        0.9977203363233859,
        0.8685413470139375,
        0.8996008376817446,
        0.9084661342539229,
        0.8757525902610641,
        0.9212999072697785,
        0.9122821428217329,
        0.8826688036725328,
        0.8754540799974321,
        0.8788491487503052,
        0.8702925969888499,
        0.9000899402407913
    ],
    "lr": [
        0.001,
        0.001,
        0.001,
        0.001,
        0.001,
        0.001,
        0.001,
        0.001,
        0.001,
        0.001,
        0.001,
        0.001,
        0.001,
        0.001,
        0.001,
        0.001,
        0.001,
        0.001,
        0.001,
        0.001,
        0.001,
        0.001,
        0.001,
        0.001,
        0.001,
        0.001,
        0.001,
        0.001,
        0.001
    ]
}